MoleculeId,PredictedProbability
1,0.99999654
2,0.99999994
3,0.101646245
4,0.99999964
5,0.0
6,0.000111699104
7,0.9999875
8,0.9999091
9,0.999362
10,0.63009757
11,0.7591487
12,0.99994355
13,0.89213514
14,0.9996721
15,1.1920929e-07
16,0.0033228397
17,4.440546e-06
18,6.5863132e-06
19,0.9443285
20,0.999998
21,0.00019526482
22,0.9999976
23,0.99448234
24,1.0
25,1.0
26,0.99996185
27,1.7881393e-07
28,3.33488e-05
29,4.1872263e-05
30,0.99884355
31,0.059380442
32,4.6491623e-05
33,0.99999374
34,0.26164654
35,0.00026750565
36,0.9999516
37,0.9999999
38,0.99992484
39,0.9999918
40,1.0
41,0.96143925
42,0.0010312498
43,0.99999976
44,0.99817246
45,0.00017598271
46,0.24819961
47,0.9997411
48,0.008427054
49,0.9994739
50,0.9981816
51,1.0
52,0.0015280843
53,0.9998904
54,1.758337e-06
55,0.000595659
56,0.99999976
57,0.99999976
58,1.0
59,0.999843
60,1.0
61,0.95648867
62,0.9999591
63,3.2782555e-07
64,0.22386578
65,0.99976087
66,0.98691785
67,0.09114787
68,8.067489e-05
69,0.12741446
70,0.0
71,0.99433804
72,0.978493
73,0.99994403
74,1.0
75,2.1874905e-05
76,4.7683716e-07
77,1.0
78,0.009777278
79,0.99974644
80,2.0861626e-07
81,3.2782555e-07
82,0.0007877648
83,0.007993668
84,0.004996985
85,0.99924004
86,0.10924512
87,0.0
88,0.9999975
89,0.9998809
90,0.9999999
91,0.97627926
92,0.999997
93,3.3974648e-06
94,0.00088998675
95,0.9987934
96,0.0014387965
97,0.99834
98,1.0
99,0.99978596
100,1.0
101,0.8911099
102,0.99920475
103,0.59471667
104,0.10608837
105,4.7385693e-06
106,0.034091443
107,0.431899
108,0.5654814
109,1.0
110,0.0
111,0.9552947
112,0.9930681
113,7.688999e-06
114,0.7927995
115,0.99999535
116,0.018729597
117,0.9999992
118,0.0
119,0.0016510487
120,0.00019350648
121,0.0
122,2.771616e-06
123,0.9974272
124,0.00027805567
125,0.6219022
126,0.9626371
127,4.976988e-06
128,0.0052815676
129,0.00047388673
130,0.00016140938
131,4.157424e-05
132,7.292628e-05
133,1.937151e-06
134,0.9997395
135,0.0020844936
136,0.9999904
137,0.026819915
138,0.99999344
139,0.9999995
140,0.99055636
141,0.5774857
142,0.9999998
143,0.999996
144,0.18088341
145,0.9999215
146,0.00018334389
147,0.99880666
148,0.99997115
149,0.9936968
150,0.9234834
151,0.00042501092
152,0.9999999
153,0.011668533
154,0.9999999
155,0.9999988
156,0.3619753
157,0.6295523
158,0.99999845
159,0.99998456
160,0.0
161,0.32329524
162,4.1663647e-05
163,3.874302e-07
164,0.9962445
165,0.9999978
166,0.094920695
167,0.9702566
168,0.9999665
169,1.0
170,1.0
171,1.0
172,0.99343216
173,0.9956316
174,0.00073990226
175,2.771616e-06
176,0.99996495
177,0.00039419532
178,2.2500753e-05
179,0.07747346
180,0.00062692165
181,0.0028385222
182,0.99999934
183,0.09776741
184,3.2782555e-07
185,1.0
186,0.4074758
187,0.9979577
188,0.68659246
189,0.99999833
190,0.000166744
191,2.9802322e-07
192,0.06988412
193,0.007174641
194,0.102386266
195,1.0
196,0.3928604
197,1.0
198,0.01862818
199,0.93580675
200,0.008653998
201,0.9891106
202,0.00043281913
203,0.73299307
204,0.0006105006
205,1.0
206,0.9999999
207,0.004132569
208,1.0
209,0.98141205
210,8.6426735e-07
211,0.9999956
212,0.26060772
213,0.96596885
214,0.0
215,0.59716916
216,1.0
217,0.0001732707
218,0.034847736
219,0.00026783347
220,0.0009600222
221,0.9963065
222,0.08111352
223,0.008816689
224,1.0
225,0.9990591
226,0.0
227,0.04642251
228,0.99999994
229,0.0008318722
230,0.04102981
231,0.99993235
232,0.89705265
233,0.97721374
234,0.024251997
235,0.9954881
236,0.9967259
237,0.8642745
238,0.0030876398
239,0.9999538
240,0.7539698
241,0.53485173
242,4.4584274e-05
243,0.99062693
244,0.99997795
245,1.0
246,0.9999416
247,1.8179417e-05
248,0.001850605
249,0.9999913
250,0.023418993
251,0.0019449592
252,0.99045694
253,0.00035896897
254,0.9999567
255,0.99999905
256,0.0188424
257,8.940697e-08
258,2.2619963e-05
259,0.8649218
260,0.0001744628
261,0.25884375
262,2.9802322e-07
263,6.3598156e-05
264,0.1087558
265,0.04946947
266,0.90153056
267,0.9982458
268,0.0003246367
269,0.9664539
270,0.99999964
271,0.99999964
272,0.99998605
273,0.9996871
274,0.1147176
275,0.0014568567
276,0.0007400811
277,0.9970335
278,0.0011019111
279,0.8807262
280,0.0005187392
281,0.0
282,0.9984845
283,0.99992025
284,3.105402e-05
285,0.8801574
286,1.0
287,1.0
288,0.99176407
289,0.9992756
290,0.0
291,5.9217215e-05
292,0.0027129054
293,0.9965507
294,0.8720416
295,6.780028e-05
296,0.0059961975
297,1.0251999e-05
298,0.5009951
299,0.0015894175
300,1.0
301,0.99998343
302,0.0
303,0.99935764
304,1.0
305,1.0
306,0.99858963
307,5.5134296e-05
308,0.9998635
309,0.0026002526
310,1.0
311,0.9999621
312,0.13589472
313,0.9999963
314,0.18570969
315,0.9994257
316,0.011875421
317,0.99999714
318,2.1904707e-05
319,0.9994972
320,4.029274e-05
321,0.0019590259
322,0.9999569
323,0.9995041
324,0.16837713
325,0.069220304
326,0.99999917
327,0.99868244
328,0.9999998
329,1.4603138e-06
330,0.6914016
331,1.0
332,0.9101478
333,4.172325e-07
334,0.41001457
335,0.9794611
336,0.66735077
337,0.9997176
338,0.0030075014
339,9.030104e-06
340,0.9999908
341,0.97749424
342,1.0
343,0.004604906
344,0.00014388561
345,0.99999964
346,0.99999976
347,0.048587978
348,0.042544335
349,0.0019490719
350,0.9999928
351,0.37071142
352,0.92825615
353,0.99098575
354,0.00012290478
355,0.9993297
356,9.4115734e-05
357,0.99999976
358,6.753206e-05
359,6.8575144e-05
360,1.0
361,0.19181755
362,0.999967
363,0.7916002
364,0.99999917
365,0.99422073
366,0.98115575
367,0.9944291
368,9.602308e-05
369,0.00010061264
370,0.0020028949
371,0.9990541
372,0.023077518
373,0.9977373
374,0.0
375,0.5430388
376,1.0
377,0.9921886
378,0.96738297
379,0.9999964
380,2.9802322e-08
381,1.0
382,1.0
383,0.99999917
384,0.68687695
385,0.99999976
386,0.04839039
387,8.097291e-05
388,0.0015150607
389,0.0018419325
390,1.0
391,0.99997294
392,0.90286285
393,0.999878
394,0.9992173
395,0.9999989
396,0.015129805
397,0.9436332
398,0.009860098
399,0.9940908
400,0.99914706
401,0.9999994
402,0.12180957
403,0.000121831894
404,0.99998724
405,0.51005447
406,0.0002643466
407,0.9999998
408,0.99898183
409,0.54007024
410,0.7741828
411,0.7731581
412,1.0
413,0.99999464
414,0.4860909
415,0.9848206
416,0.99997866
417,0.0015831888
418,0.26268762
419,0.4341603
420,0.0005759597
421,0.06687993
422,0.65384305
423,0.50486624
424,0.29195017
425,0.6864267
426,0.029201686
427,0.9836135
428,0.9608722
429,0.99999994
430,0.010148078
431,0.9999188
432,0.34655893
433,0.94317114
434,0.039978206
435,5.6922436e-06
436,0.006832421
437,0.42760947
438,0.099565595
439,0.0
440,0.006031245
441,0.9863312
442,0.9905889
443,0.99902284
444,0.0017039478
445,0.99996495
446,0.9999877
447,0.03351298
448,2.3543835e-06
449,0.0027413964
450,0.9999777
451,0.0018785894
452,0.9996494
453,0.08005181
454,0.99992996
455,4.4554472e-05
456,0.9999583
457,0.111899436
458,0.078287065
459,0.013818592
460,0.99999976
461,0.88441914
462,0.9961238
463,0.996741
464,0.9998344
465,0.99157774
466,0.007525325
467,0.0026752353
468,0.1320824
469,0.99631
470,0.14279196
471,0.013635516
472,0.9999482
473,0.011330813
474,0.00042250752
475,0.025966465
476,0.059979677
477,0.966916
478,6.9737434e-06
479,0.039555967
480,0.0082907975
481,0.009910792
482,3.954768e-05
483,0.31603795
484,0.9999956
485,0.00044241548
486,0.9814297
487,1.8626451e-05
488,0.00032231212
489,0.92277795
490,0.008945078
491,3.2782555e-05
492,0.12086126
493,0.99643666
494,1.0
495,0.02078569
496,0.9999982
497,0.0
498,0.0030561388
499,0.8083669
500,0.0
501,0.9999976
502,0.999962
503,0.24739242
504,0.40346134
505,0.9999825
506,0.99981153
507,0.9941336
508,0.004259914
509,0.00067168474
510,0.020544142
511,0.9999816
512,0.99911493
513,0.037266523
514,0.99831676
515,1.0
516,0.0
517,1.0
518,3.159046e-05
519,0.5858597
520,0.9996458
521,0.9761169
522,1.0
523,1.0
524,0.51568156
525,0.0029160976
526,0.0014070868
527,0.99999154
528,0.9999998
529,4.2021275e-05
530,0.27955103
531,0.6656282
532,4.1782856e-05
533,0.33503163
534,0.0021880567
535,0.99148494
536,0.0
537,1.0
538,0.0
539,0.9935733
540,8.240342e-05
541,7.2717667e-06
542,0.03774312
543,0.70063615
544,0.9142382
545,0.99928606
546,0.9999988
547,0.9999987
548,0.99996245
549,0.998119
550,0.999998
551,0.8531171
552,0.94613457
553,0.0068431795
554,0.0012089908
555,0.0
556,0.9999939
557,0.9533639
558,0.98580086
559,0.99999523
560,1.0
561,0.9990262
562,1.0
563,0.9970785
564,0.03273487
565,0.1017313
566,0.018929511
567,0.99966955
568,0.99975437
569,0.95840216
570,0.9910166
571,0.0001090765
572,0.997349
573,0.00053465366
574,1.0
575,6.2584877e-07
576,0.29613858
577,0.9994494
578,0.9993584
579,0.99998915
580,0.0042018592
581,0.99999857
582,0.9999995
583,0.026500821
584,0.9999656
585,1.0
586,0.7744305
587,0.9999992
588,0.0
589,0.0007174611
590,0.9999076
591,0.999998
592,7.95722e-06
593,0.9999957
594,0.9999889
595,0.99997306
596,1.2665987e-05
597,0.008881867
598,0.9999999
599,0.9999999
600,0.54139817
601,0.01758197
602,0.98274934
603,0.99999976
604,0.94967425
605,1.0
606,0.008706361
607,0.9881666
608,0.002077818
609,1.8626451e-05
610,0.99995536
611,0.9999999
612,0.9999819
613,0.00790143
614,0.9382137
615,0.9999844
616,0.9997699
617,0.9011364
618,0.99985796
619,0.0
620,0.99998844
621,0.43522158
622,0.9999949
623,1.2814999e-06
624,1.0102987e-05
625,2.3305416e-05
626,0.9997174
627,0.00042417645
628,1.0
629,0.009970456
630,0.00012412667
631,0.0042001605
632,0.00680089
633,0.8873167
634,0.9706303
635,0.999999
636,0.999975
637,0.99999034
638,0.0
639,0.99873936
640,0.98759776
641,0.0
642,3.2782555e-07
643,0.48430106
644,5.2511692e-05
645,0.044973403
646,0.9474243
647,2.6613474e-05
648,1.0
649,0.99057305
650,0.9563654
651,0.9960623
652,3.606081e-05
653,0.00040969253
654,5.9604645e-08
655,0.0
656,0.9999999
657,2.4229288e-05
658,0.760636
659,1.0
660,2.8014183e-06
661,9.536743e-07
662,0.9949956
663,0.8312703
664,0.9995893
665,0.99996096
666,0.003336519
667,0.05666992
668,0.9997549
669,0.0019154549
670,0.999998
671,0.8534132
672,1.0
673,0.007184416
674,0.99060816
675,0.99999803
676,0.2090089
677,0.0
678,0.6468298
679,0.9999997
680,4.2915344e-06
681,3.3289194e-05
682,0.008876383
683,6.556511e-06
684,0.99904615
685,1.0
686,0.061915457
687,0.014454901
688,0.999629
689,3.0398369e-06
690,0.9993694
691,0.9999788
692,0.6342481
693,0.51809096
694,0.99060595
695,0.004553318
696,0.9996735
697,0.99994516
698,8.2701445e-05
699,0.99999994
700,0.89999086
701,0.0033195913
702,0.029731512
703,0.77337146
704,7.921457e-05
705,0.9962113
706,0.966218
707,0.9999999
708,0.5998839
709,0.99993575
710,0.99791765
711,9.4771385e-06
712,0.99773896
713,0.94628614
714,0.99832034
715,0.9975636
716,0.9873568
717,0.39443865
718,0.9998713
719,1.0
720,0.9996376
721,0.99014187
722,0.99716234
723,0.9962834
724,0.068718106
725,0.094120264
726,0.00010445714
727,0.82182544
728,1.0251999e-05
729,0.0068543255
730,0.99998045
731,0.79145074
732,0.7233186
733,0.9999999
734,1.7881393e-07
735,0.0
736,6.0737133e-05
737,0.00075152516
738,0.036610097
739,0.99999976
740,0.9731465
741,0.34019777
742,0.9205235
743,3.3915043e-05
744,0.99935913
745,0.975906
746,0.0072419643
747,0.12855944
748,0.9997324
749,0.9261627
750,0.88725644
751,0.0
752,0.80082774
753,0.99999785
754,0.19737032
755,0.9971879
756,0.99970484
757,0.998778
758,0.927279
759,0.99638647
760,0.98136795
761,0.9999999
762,0.9976046
763,0.99999356
764,1.0
765,0.95337474
766,0.00015079975
767,0.32632583
768,0.9999703
769,0.9999434
770,0.9943116
771,2.6792288e-05
772,0.9955137
773,0.07199836
774,0.061790615
775,1.0
776,0.99917877
777,0.0014781356
778,0.8603792
779,0.0007339418
780,0.9999604
781,0.9943026
782,1.0
783,0.0009646416
784,1.0
785,6.914139e-05
786,0.9999999
787,1.0
788,0.49963123
789,1.5288591e-05
790,9.864569e-06
791,0.91121006
792,1.6599894e-05
793,1.013279e-05
794,7.0512295e-05
795,0.9999999
796,0.9999548
797,0.9991076
798,8.34465e-06
799,0.5544648
800,1.0
801,0.00021451712
802,1.0
803,0.81854755
804,0.9999999
805,0.99902964
806,0.019708931
807,0.00015068054
808,0.39394504
809,0.81028473
810,0.007955462
811,0.18263766
812,0.96987915
813,0.9280283
814,0.9999882
815,0.044884175
816,0.99996096
817,0.00258559
818,0.74645287
819,0.9999995
820,0.9999796
821,2.3841858e-07
822,0.9757401
823,6.2584877e-07
824,0.045823067
825,0.99804115
826,1.0
827,0.086131334
828,0.9287021
829,0.99983776
830,1.0
831,0.99999976
832,0.9999999
833,0.00286448
834,1.0
835,2.9802322e-07
836,0.9927654
837,0.9672649
838,0.0009549856
839,0.001819104
840,0.99999964
841,0.63106257
842,0.0085403025
843,4.4703484e-07
844,0.6448538
845,0.99999917
846,0.9870246
847,0.9999769
848,0.84186995
849,0.001738131
850,0.12168905
851,0.9837533
852,0.9978218
853,0.9999999
854,0.0
855,0.5548835
856,0.8381914
857,0.9958606
858,0.99999785
859,0.008601546
860,0.010503441
861,0.9999985
862,0.9999726
863,0.5875238
864,0.99633324
865,1.013279e-06
866,0.00010025501
867,0.99919647
868,0.99042827
869,0.99997985
870,0.08556175
871,0.7795197
872,0.9982741
873,0.95847
874,0.99785566
875,0.9999988
876,0.14840108
877,0.8871905
878,0.99364376
879,0.99938464
880,0.44033438
881,0.9924977
882,0.46653202
883,0.99926883
884,3.516674e-05
885,0.0
886,3.796816e-05
887,0.68499374
888,0.90994215
889,0.010329783
890,0.0
891,0.10255277
892,0.012484461
893,0.9926877
894,0.20456153
895,0.99982965
896,6.8843365e-06
897,0.17838544
898,0.99439967
899,2.9802322e-08
900,0.9961714
901,2.861023e-06
902,0.04953304
903,0.0
904,0.9999999
905,0.99954283
906,0.00017368793
907,0.07399058
908,0.99862534
909,1.0
910,0.00061059
911,0.00013786554
912,0.94152164
913,1.0
914,0.08982864
915,0.9605937
916,0.99197805
917,0.00016453862
918,1.2814999e-06
919,0.99958444
920,0.00015211105
921,0.9760231
922,1.0
923,0.0031221807
924,0.99999934
925,1.0
926,0.9999766
927,0.0032305121
928,0.0005123019
929,0.0
930,1.0
931,0.014291018
932,0.00031262636
933,0.00010982156
934,0.99794924
935,0.9991255
936,0.0
937,1.0
938,0.012197822
939,0.99933
940,0.9320228
941,0.999024
942,0.048823446
943,0.0
944,8.5532665e-06
945,0.9999989
946,0.00876832
947,0.007506907
948,0.059192836
949,0.22988373
950,0.9870963
951,0.9999505
952,0.030329138
953,7.4625015e-05
954,0.00034102798
955,0.0
956,0.00022363663
957,0.99999785
958,0.0012692511
959,0.2603367
960,1.1920929e-07
961,0.92459077
962,0.9999969
963,0.19212875
964,1.0
965,7.0631504e-06
966,0.9999492
967,3.1083822e-05
968,0.9999338
969,0.0075594485
970,0.0037930012
971,0.0073331
972,0.99978137
973,0.9999914
974,0.9999999
975,0.99532044
976,0.99661976
977,0.9999523
978,3.951788e-05
979,0.9999999
980,3.1858683e-05
981,0.0
982,0.00015851855
983,0.52953744
984,0.99781114
985,0.64544976
986,0.00014624
987,0.99378216
988,0.96721506
989,0.069763035
990,0.19527742
991,0.99999976
992,1.8924475e-05
993,0.7702941
994,0.8999164
995,0.002138555
996,0.99824125
997,0.0
998,0.00024211407
999,0.6685756
1000,0.2545861
1001,0.18789437
1002,0.9952526
1003,0.99998474
1004,0.9947725
1005,0.99133265
1006,8.34465e-07
1007,0.9925579
1008,1.0
1009,3.8981438e-05
1010,8.574128e-05
1011,0.96365345
1012,6.9737434e-06
1013,0.41084135
1014,0.0025074482
1015,0.00024682283
1016,0.99993765
1017,0.0
1018,0.9915229
1019,0.9963092
1020,4.3451786e-05
1021,0.064281374
1022,0.0040807724
1023,0.9802865
1024,1.0
1025,0.9886466
1026,0.46154073
1027,0.016194463
1028,0.0013753474
1029,0.896211
1030,0.99999475
1031,0.9913362
1032,0.9983913
1033,0.99931467
1034,6.958842e-05
1035,0.99359715
1036,0.62537336
1037,0.9997237
1038,0.6898064
1039,0.86485666
1040,2.682209e-07
1041,0.9887978
1042,1.0
1043,0.99998176
1044,0.0049378574
1045,0.99996036
1046,0.9999979
1047,1.0
1048,0.04051301
1049,0.0
1050,1.0
1051,0.02770853
1052,0.9489919
1053,1.0
1054,0.99995637
1055,0.93679035
1056,0.6564766
1057,4.0233135e-06
1058,0.9606936
1059,0.00023254752
1060,0.24117485
1061,0.91537523
1062,0.0
1063,1.0
1064,0.06423569
1065,0.99980134
1066,0.121745735
1067,0.996971
1068,0.2098934
1069,0.0
1070,0.0009819567
1071,0.00013196468
1072,0.9999995
1073,0.99654615
1074,1.0
1075,0.9814675
1076,0.9808079
1077,0.9999919
1078,0.0
1079,0.9999521
1080,0.99991083
1081,0.008139402
1082,0.66743535
1083,0.93223536
1084,0.97245955
1085,0.014252096
1086,0.0
1087,0.1587204
1088,0.9999999
1089,0.9972433
1090,0.00056415796
1091,1.0
1092,0.99996614
1093,0.9999999
1094,0.9999993
1095,0.99999213
1096,0.84075195
1097,0.8681815
1098,0.0005828738
1099,0.0065318346
1100,1.0
1101,0.0
1102,0.9936487
1103,0.99997175
1104,0.98144555
1105,1.1593103e-05
1106,0.9370924
1107,0.00011613965
1108,0.00026714802
1109,0.00012800097
1110,0.99257296
1111,0.00238958
1112,0.99995345
1113,0.99982655
1114,0.059648484
1115,1.0
1116,5.9604645e-08
1117,0.9968997
1118,0.0055518746
1119,0.0
1120,0.74713033
1121,0.00026029348
1122,0.38004285
1123,0.9944048
1124,2.7120113e-06
1125,0.0007084012
1126,0.9999999
1127,0.0040927827
1128,0.9290633
1129,2.0861626e-07
1130,0.0015258789
1131,0.7576083
1132,0.9999516
1133,0.9985529
1134,0.9924159
1135,7.1525574e-07
1136,0.0005685389
1137,0.010571688
1138,0.0016043484
1139,1.0
1140,0.95681185
1141,0.95645493
1142,0.9782126
1143,0.9258429
1144,0.99926364
1145,0.9985869
1146,0.9996158
1147,0.99840254
1148,0.017989755
1149,0.05069241
1150,0.99991643
1151,0.9684283
1152,0.9999831
1153,0.94164705
1154,0.97482586
1155,0.8505813
1156,0.992566
1157,6.020069e-06
1158,0.5534534
1159,1.79708e-05
1160,0.9244691
1161,0.16003782
1162,1.0
1163,1.0
1164,0.00045835972
1165,0.999998
1166,0.00026375055
1167,0.9988872
1168,0.0022357106
1169,0.99982965
1170,0.00030055642
1171,0.6865571
1172,0.008199006
1173,0.0026853383
1174,0.9822639
1175,0.9998194
1176,2.8431416e-05
1177,0.69571054
1178,0.70472205
1179,0.92654026
1180,0.0035205781
1181,0.99913883
1182,0.99954927
1183,0.99902725
1184,0.019003868
1185,0.9998555
1186,0.0017559528
1187,0.9999085
1188,0.14128098
1189,0.9999962
1190,0.999789
1191,2.7537346e-05
1192,0.95355225
1193,0.99999183
1194,0.81881154
1195,0.9999733
1196,0.00011882186
1197,0.011739492
1198,0.97481465
1199,1.0
1200,0.9848567
1201,0.9999333
1202,0.57057554
1203,0.99372226
1204,0.8631376
1205,0.68006665
1206,1.0
1207,0.9859153
1208,0.99999666
1209,0.000654459
1210,0.9960747
1211,0.00032922626
1212,0.9988843
1213,2.9802322e-08
1214,0.96180654
1215,0.1777015
1216,0.3989264
1217,4.5597553e-06
1218,0.9937317
1219,0.0048998
1220,0.9999995
1221,0.99492896
1222,0.99995625
1223,0.9848275
1224,0.0029226542
1225,1.0
1226,1.758337e-06
1227,0.9994539
1228,0.9996242
1229,1.0
1230,0.98973656
1231,0.9998981
1232,0.99910337
1233,0.9897163
1234,0.0015249252
1235,0.5842659
1236,0.9962045
1237,0.011505693
1238,0.99998015
1239,0.5900371
1240,0.0
1241,1.0
1242,0.004949808
1243,5.275011e-06
1244,1.1920929e-07
1245,0.9999999
1246,0.03932354
1247,0.0073367357
1248,0.010350406
1249,1.0
1250,0.00078317523
1251,0.007549584
1252,0.0010965168
1253,0.79934204
1254,0.9990959
1255,0.9917395
1256,0.99999756
1257,0.99998295
1258,0.031013161
1259,0.9998985
1260,0.99867916
1261,0.9997539
1262,0.99966586
1263,0.72382283
1264,0.9999914
1265,1.0
1266,0.9989706
1267,0.9208208
1268,0.18518788
1269,0.011371285
1270,0.0012056231
1271,0.16883364
1272,0.999995
1273,0.9058831
1274,0.9999861
1275,0.98048747
1276,0.7106428
1277,1.0
1278,0.99997276
1279,0.999999
1280,0.9999557
1281,0.999725
1282,0.9999403
1283,0.9999678
1284,0.00084480643
1285,0.93958545
1286,0.34981865
1287,0.9974293
1288,0.5026984
1289,0.9990069
1290,0.9999502
1291,0.99999964
1292,0.07122165
1293,0.00025716424
1294,0.9947011
1295,0.012630969
1296,0.012606651
1297,0.00018957257
1298,0.9999478
1299,0.9999999
1300,0.070237696
1301,0.00898549
1302,0.004146546
1303,0.9683819
1304,0.9999183
1305,0.44119987
1306,0.9193252
1307,1.0
1308,0.9999281
1309,0.6699445
1310,0.9382013
1311,0.9998346
1312,1.0
1313,8.195639e-06
1314,0.9993936
1315,0.980288
1316,0.9999677
1317,0.26704973
1318,0.24456742
1319,0.0003401637
1320,0.0
1321,0.763901
1322,0.9999996
1323,0.000443995
1324,1.0
1325,0.99679446
1326,0.99911493
1327,0.0054744184
1328,2.0772219e-05
1329,1.5795231e-06
1330,0.99853206
1331,0.0
1332,0.0005724728
1333,0.9999999
1334,0.06587613
1335,0.29520977
1336,1.0
1337,9.834766e-07
1338,0.00024396181
1339,0.99999905
1340,0.56303924
1341,1.0
1342,0.9997941
1343,0.99999976
1344,0.9997493
1345,0.8908819
1346,0.9773141
1347,1.859665e-05
1348,0.995578
1349,0.71062714
1350,0.999928
1351,0.9999726
1352,0.00053337216
1353,0.9997791
1354,1.0
1355,0.99854195
1356,0.004087329
1357,0.88995093
1358,0.01640591
1359,0.00060018897
1360,0.8662132
1361,0.9997171
1362,0.99998474
1363,0.889969
1364,0.056394607
1365,0.99999994
1366,0.9903821
1367,0.99999976
1368,0.95126104
1369,0.99999994
1370,0.9289987
1371,0.99951017
1372,0.7357187
1373,0.9997307
1374,9.179115e-06
1375,0.97953224
1376,0.00057145953
1377,0.9999987
1378,0.9998684
1379,0.0
1380,5.9604645e-08
1381,0.9999941
1382,0.99647343
1383,1.0
1384,0.99893606
1385,2.1457672e-06
1386,0.054331064
1387,0.9882133
1388,0.96371007
1389,3.8415194e-05
1390,0.8672683
1391,0.9999882
1392,5.066395e-07
1393,0.9999999
1394,0.99992335
1395,0.99997586
1396,0.95416623
1397,0.25302613
1398,0.007873088
1399,0.74661744
1400,0.99999964
1401,0.9999999
1402,0.9997496
1403,0.99999595
1404,0.0
1405,0.0003195703
1406,0.9092808
1407,0.00041139126
1408,0.99932706
1409,0.95731807
1410,0.0013841093
1411,0.00010892749
1412,0.010219127
1413,0.84701633
1414,0.9999997
1415,0.0013114512
1416,4.4703484e-06
1417,0.008617014
1418,0.99852264
1419,0.0
1420,0.9999536
1421,3.0994415e-06
1422,0.99999547
1423,0.9999968
1424,0.93645847
1425,0.07701287
1426,0.99741805
1427,0.018624842
1428,4.172325e-07
1429,1.013279e-06
1430,0.050354898
1431,5.9604645e-08
1432,0.9998224
1433,5.00679e-06
1434,0.00015115738
1435,5.173683e-05
1436,0.013654441
1437,3.4421682e-05
1438,0.9999789
1439,0.0014892519
1440,1.0
1441,0.09556502
1442,0.0
1443,0.00022020936
1444,0.0
1445,0.0027908683
1446,0.4327752
1447,0.011664599
1448,1.1920929e-07
1449,0.99988294
1450,0.809896
1451,1.0
1452,0.005078852
1453,0.50803006
1454,0.29287943
1455,0.99819446
1456,0.06308183
1457,0.99839306
1458,0.0007991195
1459,0.051126927
1460,0.0021096468
1461,0.99980384
1462,0.99899167
1463,0.9750206
1464,0.9158385
1465,0.9999999
1466,0.058923334
1467,0.99999934
1468,0.53308433
1469,0.09233582
1470,0.99999976
1471,0.9984193
1472,1.4901161e-07
1473,0.9999999
1474,0.0019366145
1475,0.0
1476,0.97423786
1477,0.99999535
1478,0.0
1479,0.009286106
1480,0.99962485
1481,3.5077333e-05
1482,0.00022777915
1483,0.9998473
1484,0.9964373
1485,0.6640961
1486,5.841255e-06
1487,0.0020878017
1488,2.682209e-07
1489,0.026786447
1490,0.99990785
1491,0.9999999
1492,1.6391277e-06
1493,0.99995226
1494,0.9966568
1495,0.73164886
1496,0.99999547
1497,0.0004865229
1498,0.99868256
1499,3.5762787e-07
1500,0.999997
1501,0.010032624
1502,0.4642382
1503,0.012576342
1504,0.77946496
1505,0.9999982
1506,0.047161102
1507,0.30311504
1508,1.0
1509,0.8301413
1510,0.14084822
1511,0.9999902
1512,0.9998345
1513,0.9999998
1514,0.067317665
1515,2.026558e-06
1516,3.9339066e-06
1517,0.07523465
1518,0.964135
1519,0.004961252
1520,0.0019496083
1521,0.59326625
1522,0.9979204
1523,0.046574116
1524,2.4735928e-06
1525,0.44077602
1526,3.5464764e-06
1527,0.00087594986
1528,0.99959147
1529,0.9999998
1530,0.45522702
1531,0.9905257
1532,0.29149225
1533,0.999998
1534,2.3841858e-07
1535,1.0
1536,0.99998033
1537,0.0059150755
1538,0.0
1539,0.9999995
1540,0.99999714
1541,0.8758943
1542,0.99999845
1543,2.2888184e-05
1544,0.99993265
1545,0.99999976
1546,0.9999682
1547,0.9664857
1548,0.9999566
1549,0.99999994
1550,0.9999981
1551,0.9970373
1552,0.9870934
1553,0.0008945763
1554,0.998824
1555,0.24360758
1556,0.999812
1557,0.99942684
1558,0.99395967
1559,0.997274
1560,0.98007333
1561,0.99111426
1562,0.98391306
1563,8.940697e-08
1564,0.0084374845
1565,0.9576524
1566,0.86306083
1567,0.9991194
1568,0.0
1569,0.99999964
1570,0.9848131
1571,0.9982182
1572,0.37971702
1573,0.99995893
1574,0.07382068
1575,1.7881393e-07
1576,0.59020513
1577,1.0
1578,0.87099135
1579,0.9985471
1580,0.9658792
1581,0.99993336
1582,0.0
1583,0.919047
1584,0.99892926
1585,0.99999994
1586,0.0045154095
1587,0.9999998
1588,0.9673816
1589,0.8414843
1590,0.00038415194
1591,0.001547575
1592,0.99999976
1593,0.9999995
1594,1.54078e-05
1595,0.061170697
1596,0.23879945
1597,0.053053856
1598,0.995556
1599,0.99961823
1600,0.33449802
1601,0.435018
1602,2.336502e-05
1603,9.87649e-05
1604,0.9999998
1605,0.00033771992
1606,0.0013378859
1607,0.99346507
1608,0.0001476407
1609,1.0
1610,0.9999672
1611,0.94032896
1612,0.9996572
1613,0.96035916
1614,0.030730069
1615,0.5276757
1616,0.05817029
1617,2.5898218e-05
1618,0.19906506
1619,0.99991345
1620,0.99999696
1621,3.1888485e-06
1622,1.0
1623,0.99971426
1624,0.9999999
1625,0.99981534
1626,0.074302346
1627,0.00011241436
1628,0.65127975
1629,0.96243393
1630,2.9802322e-07
1631,0.9978589
1632,7.1525574e-07
1633,0.969707
1634,5.221367e-05
1635,0.031800985
1636,0.0037992895
1637,0.9897547
1638,0.98883295
1639,5.00381e-05
1640,0.99958676
1641,0.0032565296
1642,0.80604756
1643,0.9999618
1644,6.854534e-07
1645,0.9961867
1646,0.2928503
1647,0.9949539
1648,0.99994564
1649,0.001873225
1650,0.99974
1651,0.9999999
1652,0.99999946
1653,5.662441e-07
1654,0.0030744672
1655,0.0045395195
1656,0.9989134
1657,0.00070539117
1658,1.0
1659,1.7464161e-05
1660,1.0
1661,1.22487545e-05
1662,0.0018426478
1663,0.0
1664,0.99367106
1665,0.67188084
1666,1.0
1667,0.9997617
1668,0.9949915
1669,1.0
1670,0.99998903
1671,1.4126301e-05
1672,0.99999964
1673,0.022080094
1674,0.005380869
1675,0.97813493
1676,0.99765277
1677,9.447336e-06
1678,0.99887264
1679,0.0
1680,0.81903994
1681,0.9999993
1682,2.849102e-05
1683,1.0
1684,0.9999919
1685,0.68740416
1686,0.087843806
1687,0.9999893
1688,0.9598744
1689,5.00679e-05
1690,0.9947176
1691,0.060239047
1692,8.940697e-08
1693,0.13959065
1694,0.99986506
1695,0.9997058
1696,1.4901161e-06
1697,0.99999714
1698,3.4570694e-06
1699,8.6426735e-07
1700,0.0011666119
1701,0.9993688
1702,0.9999999
1703,2.682209e-07
1704,0.9999014
1705,3.0308962e-05
1706,0.9798778
1707,0.99997246
1708,0.016094953
1709,0.079431474
1710,0.99194396
1711,0.52960056
1712,0.99949175
1713,7.748604e-07
1714,0.037268013
1715,7.3611736e-06
1716,2.7805567e-05
1717,0.004825026
1718,0.9646387
1719,0.9999999
1720,9.036064e-05
1721,1.7255545e-05
1722,0.0
1723,0.06286523
1724,0.038789332
1725,0.23565128
1726,1.0
1727,1.0
1728,1.3709068e-06
1729,0.99999297
1730,0.9938876
1731,0.060407966
1732,0.17114362
1733,0.9992236
1734,0.8827162
1735,0.91089284
1736,1.0
1737,3.1262636e-05
1738,0.9701161
1739,0.99999833
1740,0.999719
1741,0.9992899
1742,1.0
1743,0.073219866
1744,0.0048527718
1745,6.502867e-05
1746,0.99846274
1747,3.761053e-05
1748,0.9937846
1749,1.0
1750,0.3821175
1751,0.9999994
1752,0.9999993
1753,0.0
1754,0.0002129674
1755,3.3974648e-06
1756,0.9999999
1757,0.962744
1758,8.7589025e-05
1759,0.046373695
1760,1.0
1761,0.9999989
1762,0.99993575
1763,0.0
1764,0.00015413761
1765,0.9999987
1766,0.9086505
1767,0.9999994
1768,0.9950793
1769,0.99998534
1770,0.9817188
1771,0.29921162
1772,0.9999968
1773,0.99999917
1774,0.99749
1775,0.7155515
1776,0.99999976
1777,7.748604e-07
1778,0.9997493
1779,0.011414081
1780,0.9947332
1781,0.68289876
1782,0.9999879
1783,0.0
1784,0.99620426
1785,0.99717873
1786,2.0861626e-07
1787,1.0
1788,1.1950731e-05
1789,0.013514966
1790,0.13442579
1791,0.414568
1792,0.9999999
1793,0.81371
1794,5.9604645e-08
1795,3.9041042e-06
1796,0.98194164
1797,0.45273513
1798,0.9998808
1799,0.5715996
1800,2.9802322e-07
1801,0.9999411
1802,0.0006092489
1803,0.0
1804,0.010993153
1805,0.6691634
1806,0.8720039
1807,0.67473316
1808,0.0
1809,0.9598
1810,0.9999999
1811,0.99999547
1812,0.1812906
1813,1.0
1814,0.28063023
1815,0.99389446
1816,0.21710214
1817,0.95204943
1818,0.9554161
1819,1.0
1820,5.4359436e-05
1821,0.8700317
1822,6.2584877e-07
1823,0.9999657
1824,0.9999999
1825,0.966249
1826,1.0
1827,0.99894875
1828,0.99342865
1829,0.7034098
1830,0.9990298
1831,0.9642799
1832,0.034161925
1833,0.35865447
1834,0.0057764053
1835,0.9329275
1836,0.74286467
1837,0.51090765
1838,0.0024831593
1839,1.0
1840,0.99734974
1841,3.5703182e-05
1842,0.9996297
1843,0.999838
1844,0.81514704
1845,0.99872667
1846,4.172325e-07
1847,1.0
1848,0.8964443
1849,0.0040951073
1850,0.99999845
1851,1.0
1852,0.00010505319
1853,0.9798589
1854,0.9999969
1855,0.9956665
1856,0.99086475
1857,2.8073788e-05
1858,0.14480394
1859,0.058941215
1860,0.9329449
1861,1.0
1862,0.0
1863,0.99815416
1864,0.99999917
1865,0.58961767
1866,0.99998873
1867,0.9999998
1868,0.9927027
1869,0.99999154
1870,0.00051516294
1871,0.99997735
1872,0.9370337
1873,0.06194502
1874,0.9896451
1875,3.1292439e-06
1876,0.9999962
1877,0.00021657348
1878,0.19770035
1879,0.99999565
1880,0.99999714
1881,0.0012458563
1882,0.00096431375
1883,0.24366269
1884,0.0003822446
1885,0.99165344
1886,0.84837174
1887,0.99927413
1888,0.99941456
1889,1.0
1890,2.2619963e-05
1891,0.99999976
1892,0.0052527487
1893,0.70515555
1894,0.88077515
1895,0.7237755
1896,0.999284
1897,0.99961925
1898,0.72539663
1899,0.9999757
1900,2.643466e-05
1901,0.9999935
1902,0.9376559
1903,0.67959625
1904,0.004985839
1905,0.0
1906,2.9802322e-08
1907,0.99999976
1908,5.066395e-07
1909,0.9998789
1910,7.5399876e-06
1911,0.0
1912,0.9874412
1913,2.6017427e-05
1914,0.9934591
1915,0.92729783
1916,0.98052937
1917,0.5663491
1918,0.12623751
1919,0.9993191
1920,0.95463854
1921,1.0
1922,0.41927457
1923,0.0013263524
1924,0.0010723472
1925,0.9416847
1926,0.9714327
1927,0.0016127229
1928,0.999998
1929,0.7488999
1930,0.14121538
1931,0.05002579
1932,0.013311297
1933,0.0036793053
1934,0.9981891
1935,0.011136591
1936,0.21493852
1937,0.46753225
1938,0.95161855
1939,0.8652874
1940,0.9414804
1941,0.99999976
1942,0.9997959
1943,0.9950751
1944,0.06703931
1945,6.2584877e-07
1946,0.0036721528
1947,0.99980265
1948,0.55863905
1949,0.0
1950,0.17483985
1951,0.99939835
1952,2.2351742e-06
1953,0.9865819
1954,0.9704547
1955,0.9977561
1956,0.0
1957,5.1289797e-05
1958,0.0003966093
1959,0.9999994
1960,0.08116338
1961,0.009391218
1962,2.7418137e-06
1963,0.81204927
1964,0.031041086
1965,0.17844275
1966,0.9998089
1967,0.99999905
1968,0.94721574
1969,0.9999981
1970,0.0
1971,0.98842895
1972,0.9999995
1973,0.9999997
1974,0.99989176
1975,0.9999913
1976,0.99913186
1977,0.08660665
1978,0.99941087
1979,1.4126301e-05
1980,0.9999992
1981,0.99490047
1982,2.3126602e-05
1983,0.9999938
1984,0.89737314
1985,0.0072331727
1986,0.99976903
1987,0.07278922
1988,0.99981046
1989,0.999635
1990,0.0298267
1991,0.8557652
1992,0.9999827
1993,0.9999716
1994,0.0
1995,0.8858457
1996,0.9997499
1997,0.97488415
1998,0.99999994
1999,0.01874438
2000,0.97070354
2001,1.0
2002,0.98057026
2003,0.91030204
2004,0.99953187
2005,0.9991078
2006,0.0017534792
2007,2.682209e-06
2008,0.99998057
2009,0.000310421
2010,0.0
2011,0.0
2012,0.35990244
2013,0.26072925
2014,0.00039869547
2015,0.92289984
2016,0.99957144
2017,3.3080578e-06
2018,1.1116266e-05
2019,0.9999989
2020,0.9999999
2021,3.1799078e-05
2022,0.99999857
2023,0.970674
2024,0.29167217
2025,1.3738871e-05
2026,2.9802322e-08
2027,0.018152714
2028,0.8809034
2029,0.084127486
2030,0.9999994
2031,0.9975975
2032,0.9825714
2033,8.672476e-06
2034,1.4007092e-06
2035,0.99744666
2036,1.0
2037,2.0831823e-05
2038,0.041441113
2039,0.008673668
2040,0.99994403
2041,0.8731746
2042,0.00016754866
2043,0.5605441
2044,3.2782555e-07
2045,0.01666224
2046,0.020388931
2047,0.9998556
2048,0.9999672
2049,1.2516975e-06
2050,0.01801756
2051,7.82609e-05
2052,1.0
2053,0.99999964
2054,0.949558
2055,0.0065115094
2056,0.99998045
2057,0.9999913
2058,0.99932593
2059,0.2859136
2060,0.015463054
2061,0.771732
2062,0.9999073
2063,0.99961835
2064,0.0
2065,0.0
2066,0.0015970767
2067,0.9927844
2068,0.57896805
2069,0.99997026
2070,0.9999993
2071,0.0
2072,0.0012414455
2073,0.9989851
2074,0.97854364
2075,0.054415673
2076,0.9999809
2077,0.0012815595
2078,0.88095343
2079,0.9956727
2080,0.9999542
2081,0.9999937
2082,0.08900994
2083,0.9769425
2084,0.9999675
2085,4.61936e-06
2086,4.0590763e-05
2087,0.0
2088,8.6426735e-07
2089,1.0
2090,0.4071461
2091,0.50444543
2092,0.99999976
2093,7.471442e-05
2094,1.0
2095,0.895453
2096,0.07548672
2097,1.0
2098,0.981895
2099,0.99974823
2100,0.9369126
2101,0.8896346
2102,5.9604645e-08
2103,0.6564854
2104,0.0010564029
2105,0.9999835
2106,0.0
2107,0.97760284
2108,0.99999875
2109,0.96060115
2110,0.99690676
2111,0.74924296
2112,9.268522e-06
2113,0.93776536
2114,0.19460079
2115,0.0051893294
2116,0.020586133
2117,0.9999996
2118,0.00266546
2119,0.71267474
2120,0.9894568
2121,0.99992037
2122,0.9999547
2123,0.7380805
2124,1.1920929e-07
2125,0.99999964
2126,0.00063866377
2127,0.7074646
2128,0.8886279
2129,0.9694698
2130,0.0019250214
2131,1.0
2132,0.0004440248
2133,0.9993596
2134,8.714199e-05
2135,0.9579866
2136,4.4941902e-05
2137,0.986041
2138,0.99999714
2139,0.9946474
2140,0.11553782
2141,5.9604645e-08
2142,0.001506716
2143,3.1590462e-06
2144,0.06646842
2145,0.7689098
2146,1.0
2147,1.0
2148,0.0876762
2149,0.00083845854
2150,7.8082085e-06
2151,0.18519479
2152,0.0
2153,2.503395e-06
2154,0.69785583
2155,0.88738775
2156,1.168251e-05
2157,0.030972183
2158,4.0590763e-05
2159,0.76163423
2160,0.9999985
2161,1.0
2162,0.9755366
2163,0.9999945
2164,0.91379684
2165,0.9477599
2166,0.8085462
2167,0.99977636
2168,2.0861626e-06
2169,1.1920929e-07
2170,0.994768
2171,0.40260914
2172,0.9836966
2173,0.21638042
2174,0.0012044907
2175,3.5613775e-05
2176,0.9807899
2177,0.0
2178,0.0
2179,0.9999993
2180,1.0
2181,1.0
2182,9.119511e-06
2183,0.27507097
2184,2.1666288e-05
2185,0.92189795
2186,0.038009554
2187,5.1259995e-06
2188,0.9977163
2189,0.004834324
2190,0.029199481
2191,0.000100165606
2192,0.41253498
2193,0.9935975
2194,1.6391277e-06
2195,0.005628705
2196,0.0007677376
2197,0.98821557
2198,0.0028504133
2199,0.53638756
2200,0.6332141
2201,0.9740819
2202,0.99995494
2203,0.00023499131
2204,0.9998754
2205,0.0049364567
2206,0.97846085
2207,0.922894
2208,0.99846685
2209,0.016375244
2210,0.0020737052
2211,0.9999981
2212,0.84934187
2213,0.999617
2214,0.9995219
2215,1.0
2216,0.99958515
2217,0.99053794
2218,0.9943967
2219,0.86770344
2220,0.9919714
2221,0.0005374551
2222,0.99828243
2223,0.85359466
2224,0.0050699413
2225,0.011039823
2226,0.28119972
2227,0.99988884
2228,0.6390082
2229,0.0013568401
2230,0.9999999
2231,0.99990773
2232,2.8818846e-05
2233,0.9999037
2234,0.053164154
2235,0.0
2236,0.03463772
2237,4.440546e-06
2238,0.5213529
2239,0.9999901
2240,0.73404825
2241,0.9840797
2242,0.9999999
2243,0.999966
2244,0.9999994
2245,0.9999925
2246,0.9935771
2247,0.0032455921
2248,0.99999917
2249,0.80992246
2250,0.99210936
2251,0.00032946467
2252,0.00033986568
2253,0.26820672
2254,0.99249935
2255,0.012546599
2256,0.84581435
2257,8.940697e-06
2258,0.94057727
2259,0.9999995
2260,0.96898186
2261,0.9991545
2262,2.3901463e-05
2263,0.00043848157
2264,0.93764293
2265,1.0
2266,0.99999934
2267,0.99999994
2268,0.068480015
2269,2.2172928e-05
2270,9.5546246e-05
2271,0.99977064
2272,0.0
2273,0.44230235
2274,0.0050887167
2275,0.99309725
2276,0.78424597
2277,1.1920929e-07
2278,0.28977564
2279,0.0006760061
2280,0.0003118813
2281,0.24689421
2282,0.89306295
2283,1.8715858e-05
2284,0.00022351742
2285,2.0861626e-07
2286,0.9863438
2287,2.7120113e-06
2288,0.9993403
2289,0.99931026
2290,0.99902046
2291,0.99675345
2292,0.4414172
2293,0.99994814
2294,0.9996451
2295,1.0
2296,2.682209e-07
2297,0.04643178
2298,0.9890404
2299,0.0032497346
2300,1.0
2301,0.14272997
2302,1.0
2303,0.99893963
2304,0.9873754
2305,0.00010231137
2306,0.06035486
2307,0.9959625
2308,0.753811
2309,1.0
2310,0.96103305
2311,5.662441e-07
2312,1.0
2313,0.99999785
2314,0.9999063
2315,0.1066733
2316,0.9775443
2317,5.364418e-06
2318,0.9999491
2319,0.995824
2320,0.9995692
2321,0.99995476
2322,0.99942374
2323,9.030104e-06
2324,0.99999857
2325,3.5762787e-07
2326,0.9589868
2327,0.9999511
2328,0.99994665
2329,0.000718534
2330,0.009159654
2331,1.6093254e-06
2332,0.00026798248
2333,0.9822184
2334,0.0
2335,0.997121
2336,0.99999976
2337,9.5665455e-06
2338,0.71569264
2339,0.54577243
2340,0.9965583
2341,0.9999169
2342,0.9903189
2343,0.9976922
2344,0.00015372038
2345,0.138632
2346,0.99696386
2347,5.8233738e-05
2348,0.0009485483
2349,0.060208708
2350,0.023687184
2351,1.0
2352,0.10061708
2353,0.00047647953
2354,3.913045e-05
2355,0.00957939
2356,5.9604645e-08
2357,0.9850633
2358,0.04773453
2359,0.99999994
2360,1.8179417e-06
2361,0.9883646
2362,0.000716418
2363,0.96460336
2364,5.930662e-06
2365,0.11029914
2366,0.99666035
2367,0.9931675
2368,3.5762787e-06
2369,1.0
2370,0.9972039
2371,0.99685264
2372,1.0
2373,5.6236982e-05
2374,0.9531021
2375,0.006101668
2376,0.9999999
2377,0.67257655
2378,9.834766e-07
2379,0.0
2380,0.96678996
2381,8.940697e-08
2382,0.0002786517
2383,0.99993694
2384,0.00046035647
2385,0.0027638376
2386,0.997118
2387,0.99999493
2388,0.00018492341
2389,0.9999999
2390,0.08729476
2391,0.993387
2392,0.0650188
2393,0.975971
2394,0.9999973
2395,0.0005635321
2396,0.9996197
2397,0.00010597706
2398,0.0
2399,0.9979502
2400,0.999997
2401,0.85659206
2402,0.0003452003
2403,2.1159649e-05
2404,0.9999957
2405,0.99998134
2406,0.7332509
2407,0.9945706
2408,0.9999391
2409,0.9999976
2410,0.00012293458
2411,1.0
2412,0.010190308
2413,0.99998295
2414,0.00028184056
2415,5.2034855e-05
2416,0.99634653
2417,1.0
2418,0.7931967
2419,6.738305e-05
2420,0.0028557777
2421,0.00010856986
2422,0.99807894
2423,0.6451787
2424,1.0
2425,0.90352607
2426,0.5633269
2427,0.0020427406
2428,1.0
2429,0.9993152
2430,0.9999999
2431,0.9762261
2432,0.0019426644
2433,0.8928796
2434,0.99992627
2435,0.0018297732
2436,0.99999475
2437,0.0005528927
2438,0.00025233626
2439,1.0
2440,0.8999274
2441,0.9999891
2442,2.5719404e-05
2443,0.00039690733
2444,0.9842887
2445,0.89378536
2446,0.99997646
2447,0.9999926
2448,8.9883804e-05
2449,0.994531
2450,0.0018384755
2451,1.7791986e-05
2452,9.059906e-05
2453,2.9802322e-07
2454,0.99924517
2455,6.082654e-05
2456,0.3933978
2457,0.9732934
2458,0.00973019
2459,0.00012889504
2460,1.0
2461,0.99980485
2462,0.9600516
2463,0.99996835
2464,1.0
2465,0.99627495
2466,0.98103076
2467,0.9999999
2468,8.702278e-06
2469,0.9924419
2470,0.38478756
2471,0.99999857
2472,0.81027365
2473,0.9960979
2474,0.20689583
2475,0.31023982
2476,1.0
2477,5.841255e-06
2478,1.1026859e-06
2479,0.99966455
2480,1.0
2481,2.9802322e-08
2482,0.04907167
2483,0.011915952
2484,0.036617756
2485,0.90878755
2486,1.0
2487,0.0001668036
2488,0.92120993
2489,0.96573234
2490,0.7894255
2491,0.9997853
2492,1.0
2493,0.9999969
2494,0.045632213
2495,0.99774563
2496,0.061986357
2497,0.04412225
2498,0.006915778
2499,0.9999987
2500,0.97227335
2501,0.998052
